Date,EWA,EWC
2018-01-02,16.825542449951172,25.197721481323242
2018-01-03,16.933767318725586,25.290388107299805
2018-01-04,16.998701095581055,25.46730613708496
2018-01-05,17.099712371826172,25.559980392456055
2018-01-08,17.005916595458984,25.47572898864746
2018-01-09,17.027565002441406,25.40833282470703
2018-01-10,16.883256912231445,25.155601501464844
2018-01-11,16.984270095825195,25.281967163085938
2018-01-12,17.078073501586914,25.36621856689453
2018-01-16,16.926551818847656,25.46730613708496
2018-01-17,17.02034568786621,25.52627944946289
2018-01-18,17.034780502319336,25.46730613708496
2018-01-19,17.07085609436035,25.391483306884766
2018-01-22,17.092498779296875,25.492578506469727
2018-01-23,17.128572463989258,25.55154800415039
2018-01-24,17.229581832885742,25.62737464904785
2018-01-25,17.179079055786133,25.442031860351562
2018-01-26,17.395532608032227,25.54312515258789
2018-01-29,17.272876739501953,25.307241439819336
2018-01-30,17.13578987121582,25.147172927856445
2018-01-31,17.150218963623047,25.172447204589844
2018-02-01,17.229581832885742,25.08820152282715
2018-02-02,16.969844818115234,24.39739227294922
2018-02-05,16.39985466003418,23.715007781982422
2018-02-06,16.5585880279541,23.816102981567383
2018-02-07,16.212261199951172,23.639184951782227
2018-02-08,15.757712364196777,23.100019454956055
2018-02-09,15.959735870361328,23.142141342163086
2018-02-12,16.212261199951172,23.428571701049805
2018-02-13,16.306058883666992,23.445419311523438
2018-02-14,16.594661712646484,23.77397918701172
2018-02-15,16.717313766479492,23.925617218017578
2018-02-16,16.580230712890625,23.816102981567383
2018-02-20,16.53693962097168,23.68973159790039
2018-02-21,16.493650436401367,23.723430633544922
2018-02-22,16.623523712158203,23.67288589477539
2018-02-23,16.753393173217773,23.976167678833008
2018-02-26,16.933767318725586,24.0941104888916
2018-02-27,16.666812896728516,23.86664390563965
2018-02-28,16.46479034423828,23.41172218322754
2018-03-01,16.356563568115234,23.260086059570312
2018-03-02,16.407068252563477,23.15056610107422
2018-03-05,16.479219436645508,23.217958450317383
2018-03-06,16.609088897705078,23.369606018066406
2018-03-07,16.500864028930664,23.276931762695312
2018-03-08,16.52250862121582,23.369606018066406
2018-03-09,16.818326950073242,23.60548973083496
2018-03-12,16.811107635498047,23.588642120361328
2018-03-13,16.594661712646484,23.394874572753906
2018-03-14,16.666812896728516,23.4706974029541
2018-03-15,16.486434936523438,23.34432601928711
2018-03-16,16.428712844848633,23.310630798339844
2018-03-19,16.298845291137695,23.16741371154785
2018-03-20,16.241119384765625,23.251659393310547
2018-03-21,16.407068252563477,23.60548973083496
2018-03-22,15.98859691619873,23.133710861206055
2018-03-23,15.779356956481934,22.906251907348633
2018-03-26,16.060741424560547,23.066316604614258
2018-03-27,15.750495910644531,22.897830963134766
2018-03-28,15.757712364196777,22.81358528137207
2018-03-29,15.887585639953613,23.217958450317383
2018-04-02,15.613411903381348,22.889400482177734
2018-04-03,15.793784141540527,23.03261947631836
2018-04-04,15.902010917663574,23.108442306518555
2018-04-05,15.916443824768066,23.420148849487305
2018-04-06,15.736063957214355,23.16741371154785
2018-04-09,15.916443824768066,23.327478408813477
2018-04-10,16.205047607421875,23.56336784362793
2018-04-11,16.096820831298828,23.597063064575195
2018-04-12,16.14732551574707,23.597063064575195
2018-04-13,16.14732551574707,23.546520233154297
2018-04-16,16.2194766998291,23.647611618041992
2018-04-17,16.241119384765625,23.790830612182617
2018-04-18,16.334918975830078,23.908767700195312
2018-04-19,16.161754608154297,23.723430633544922
2018-04-20,15.995810508728027,23.622337341308594
2018-04-23,16.00302505493164,23.5380916595459
2018-04-24,16.00302505493164,23.4875431060791
2018-04-25,15.974163055419922,23.50439453125
2018-04-26,16.05352783203125,23.664459228515625
2018-04-27,16.14732551574707,23.765552520751953
2018-04-30,16.010238647460938,23.698158264160156
2018-05-01,16.08960723876953,23.698158264160156
2018-05-02,16.2266902923584,23.664459228515625
2018-05-03,16.378211975097656,23.681310653686523
2018-05-04,16.39985466003418,23.84980010986328
2018-05-07,16.313274383544922,23.917198181152344
2018-05-08,16.241119384765625,23.89192771911621
2018-05-09,16.313274383544922,24.144657135009766
2018-05-10,16.50808334350586,24.46479034423828
2018-05-11,16.486434936523438,24.44794273376465
2018-05-14,16.52250862121582,24.582733154296875
2018-05-15,16.32048797607422,24.498485565185547
2018-05-16,16.472003936767578,24.62485694885254
2018-05-17,16.493650436401367,24.70067024230957
2018-05-18,16.378211975097656,24.549036026000977
2018-05-21,16.587448120117188,24.7764949798584
2018-05-22,16.472003936767578,24.650129318237305
2018-05-23,16.385425567626953,24.57430648803711
2018-05-24,16.407068252563477,24.40581703186035
2018-05-25,16.306058883666992,24.22890281677246
2018-05-29,16.08238983154297,23.86664390563965
2018-05-30,16.435932159423828,24.32157325744629
2018-05-31,16.28441047668457,24.212053298950195
2018-06-01,16.392635345458984,24.178354263305664
2018-06-04,16.493650436401367,23.740278244018555
2018-06-05,16.421499252319336,24.26259994506836
2018-06-06,16.652381896972656,24.38054847717285
2018-06-07,16.52250862121582,24.363697052001953
2018-06-08,16.51529312133789,24.473217010498047
2018-06-11,16.60187339782715,24.46479034423828
2018-06-12,16.385425567626953,24.439516067504883
2018-06-13,16.3637752532959,24.473217010498047
2018-06-14,16.212261199951172,24.40581703186035
2018-06-15,16.2266902923584,24.178354263305664
2018-06-18,16.3637752532959,24.27945327758789
2018-06-19,16.232852935791016,23.994169235229492
2018-06-20,16.394670486450195,24.130016326904297
2018-06-21,16.45351219177246,23.977188110351562
2018-06-22,16.688875198364258,24.20643424987793
2018-06-25,16.350536346435547,23.756437301635742
2018-06-26,16.46822166442871,23.934734344482422
2018-06-27,16.321115493774414,23.739452362060547
2018-06-28,16.54177474975586,23.875303268432617
2018-06-29,16.63003921508789,24.20643424987793
2018-07-02,16.40937614440918,24.079076766967773
2018-07-03,16.497642517089844,24.146997451782227
2018-07-05,16.67416763305664,24.20643424987793
2018-07-06,16.902172088623047,24.43567657470703
2018-07-09,17.041927337646484,24.563030242919922
2018-07-10,16.94631004333496,24.72435188293457
2018-07-11,16.5344181060791,24.384733200073242
2018-07-12,16.850688934326172,24.67340850830078
2018-07-13,16.79184913635254,24.68189811706543
2018-07-16,16.68152618408203,24.61397361755371
2018-07-17,16.61532211303711,24.563030242919922
2018-07-18,16.710939407348633,24.520580291748047
2018-07-19,16.61532211303711,24.478126525878906
2018-07-20,16.799205780029297,24.537565231323242
2018-07-23,16.63739013671875,24.43567657470703
2018-07-24,16.82126808166504,24.50360107421875
2018-07-25,16.872756958007812,24.72435188293457
2018-07-26,16.703584671020508,24.73284149169922
2018-07-27,16.799205780029297,24.65642738342285
2018-07-30,16.784494400024414,24.68189811706543
2018-07-31,16.85804557800293,24.800765991210938
2018-08-01,16.718294143676758,24.715864181518555
2018-08-02,16.666812896728516,24.79227638244629
2018-08-03,16.710939407348633,24.82623863220215
2018-08-06,16.703584671020508,24.91114616394043
2018-08-07,16.755069732666016,24.50360107421875
2018-08-08,16.843334197998047,24.605487823486328
2018-08-09,16.806560516357422,24.72435188293457
2018-08-10,16.5344181060791,24.43567657470703
2018-08-13,16.438796997070312,24.35076904296875
2018-08-14,16.5049991607666,24.605487823486328
2018-08-15,16.482933044433594,24.163976669311523
2018-08-16,16.688875198364258,24.25737762451172
2018-08-17,16.916885375976562,24.580015182495117
2018-08-20,16.931596755981445,24.580015182495117
2018-08-21,16.777135848999023,24.520580291748047
2018-08-22,16.73300552368164,24.698883056640625
2018-08-23,16.416736602783203,24.486616134643555
2018-08-24,16.563840866088867,24.61397361755371
2018-08-27,16.72565269470215,24.89415740966797
2018-08-28,16.718294143676758,24.809255599975586
2018-08-29,16.880111694335938,24.89415740966797
2018-08-30,16.703584671020508,24.766803741455078
2018-08-31,16.54177474975586,24.452655792236328
2018-09-04,16.357894897460938,24.05360221862793
2018-09-05,16.218143463134766,24.01963996887207
2018-09-06,16.048974990844727,24.002660751342773
2018-09-07,15.784192085266113,23.909263610839844
2018-09-10,15.89452075958252,23.8837890625
2018-09-11,15.938647270202637,24.036623001098633
2018-09-12,16.1004638671875,24.146997451782227
2018-09-13,16.1004638671875,24.121524810791016
2018-09-14,16.078393936157227,24.062095642089844
2018-09-17,16.1004638671875,24.146997451782227
2018-09-18,16.276988983154297,24.461145401000977
2018-09-19,16.350536346435547,24.51209259033203
2018-09-20,16.45351219177246,24.639448165893555
2018-09-21,16.402027130126953,24.664920806884766
2018-09-24,16.335826873779297,24.563030242919922
2018-09-25,16.36524772644043,24.461145401000977
2018-09-26,16.343181610107422,24.367752075195312
2018-09-27,16.269634246826172,24.427183151245117
2018-09-28,16.269634246826172,24.43567657470703
2018-10-01,16.2475643157959,24.72435188293457
2018-10-02,16.05632972717285,24.520580291748047
2018-10-03,15.960714340209961,24.580015182495117
2018-10-04,15.872453689575195,24.367752075195312
2018-10-05,15.806258201599121,24.223411560058594
2018-10-08,15.69592571258545,24.13850975036621
2018-10-09,15.637085914611816,24.096050262451172
2018-10-10,15.306102752685547,23.348892211914062
2018-10-11,15.063384056091309,23.03474235534668
2018-10-12,15.14428997039795,23.153606414794922
2018-10-15,15.173710823059082,23.162099838256836
2018-10-16,15.409076690673828,23.518705368041992
2018-10-17,15.37230110168457,23.357378005981445
2018-10-18,15.232552528381348,23.00926971435547
2018-10-19,15.379655838012695,23.085683822631836
2018-10-22,15.232552528381348,23.04323387145996
2018-10-23,15.070740699768066,22.856441497802734
2018-10-24,14.717694282531738,22.372482299804688
2018-10-25,14.776533126831055,22.380977630615234
2018-10-26,14.680914878845215,22.29606819152832
2018-10-29,14.64414119720459,22.032861709594727
2018-10-30,15.02660846710205,22.35550308227539
2018-10-31,15.151643753051758,22.50832748413086
2018-11-01,15.394366264343262,22.74606704711914
2018-11-02,15.357590675354004,22.703611373901367
2018-11-05,15.416430473327637,22.830970764160156
2018-11-06,15.5635347366333,22.890403747558594
2018-11-07,15.776835441589355,23.03474235534668
2018-11-08,15.725347518920898,22.9328556060791
2018-11-09,15.592957496643066,22.737573623657227
2018-11-12,15.48998737335205,22.50832748413086
2018-11-13,15.46791934967041,22.482858657836914
2018-11-14,15.291394233703613,22.550783157348633
2018-11-15,15.409076690673828,22.661155700683594
2018-11-16,15.460561752319336,22.712106704711914
2018-11-19,15.16635799407959,22.542293548583984
2018-11-20,14.87950611114502,22.01588249206543
2018-11-21,15.1589994430542,22.516822814941406
2018-11-23,15.136938095092773,22.211164474487305
2018-11-26,15.306102752685547,22.380977630615234
2018-11-27,15.298748016357422,22.202669143676758
2018-11-28,15.5341157913208,22.576255798339844
2018-11-29,15.460561752319336,22.61021614074707
2018-11-30,15.298748016357422,22.618709564208984
2018-12-03,15.5635347366333,22.84795379638672
2018-12-04,15.14428997039795,22.448898315429688
2018-12-06,15.02660846710205,22.02437400817871
2018-12-07,14.938342094421387,21.905506134033203
2018-12-10,14.739757537841797,21.684755325317383
2018-12-11,14.857441902160645,21.59984588623047
2018-12-12,15.004542350769043,21.837581634521484
2018-12-13,14.997190475463867,21.795129776000977
2018-12-14,14.739757537841797,21.54041290283203
2018-12-17,14.739757537841797,21.107397079467773
2018-12-18,14.74357795715332,21.106536865234375
2018-12-19,14.575515747070312,20.856191635131836
2018-12-20,14.415094375610352,20.657644271850586
2018-12-21,14.078970909118652,20.226016998291016
2018-12-24,14.071329116821289,19.941144943237305
2018-12-26,14.552597045898438,20.56268310546875
2018-12-27,14.598432540893555,20.467727661132812
2018-12-28,14.705377578735352,20.588581085205078
2018-12-31,14.705377578735352,20.68353843688965
2019-01-02,14.590792655944824,20.873456954956055
2019-01-03,14.483844757080078,20.743968963623047
2019-01-04,14.99566650390625,21.27918243408203
2019-01-07,15.04150390625,21.51226043701172
2019-01-08,15.156089782714844,21.745344161987305
2019-01-09,15.369988441467285,22.151071548461914
2019-01-10,15.438738822937012,22.246028900146484
2019-01-11,15.438738822937012,22.202865600585938
2019-01-14,15.3776273727417,22.28919219970703
2019-01-15,15.476937294006348,22.41004753112793
2019-01-16,15.515128135681152,22.479108810424805
2019-01-17,15.660273551940918,22.660388946533203
2019-01-18,15.721391677856445,22.807144165039062
2019-01-22,15.331789016723633,22.58269691467285
2019-01-23,15.400546073913574,22.539533615112305
2019-01-24,15.408186912536621,22.669023513793945
2019-01-25,15.683197021484375,22.97979164123535
2019-01-28,15.60680103302002,22.936630249023438
2019-01-29,15.553327560424805,23.074750900268555
2019-01-30,15.805416107177734,23.27330207824707
2019-01-31,15.729028701782227,23.350990295410156
2019-02-01,15.706109046936035,23.420053482055664
2019-02-04,15.835978507995605,23.48048210144043
2019-02-05,16.095706939697266,23.618602752685547
2019-02-06,15.912365913391113,23.48048210144043
2019-02-07,15.904728889465332,23.31646156311035
2019-02-08,15.874170303344727,23.26466941833496
2019-02-11,15.828336715698242,23.048852920532227
2019-02-12,15.988758087158203,23.31646156311035
2019-02-13,15.843615531921387,23.27330207824707
2019-02-14,15.851253509521484,23.350990295410156
2019-02-15,16.103347778320312,23.661762237548828
2019-02-19,16.20265769958496,23.83441162109375
2019-02-20,16.14918327331543,24.076120376586914
2019-02-21,16.080425262451172,23.95526885986328
2019-02-22,16.263771057128906,24.084754943847656
2019-02-25,16.34779930114746,24.067489624023438
2019-02-26,16.34779930114746,24.11065101623535
2019-02-27,16.2790470123291,24.17108154296875
2019-02-28,16.256128311157227,24.041593551635742
2019-03-01,16.370718002319336,23.929370880126953
2019-03-04,16.286684036254883,23.868946075439453
2019-03-05,16.340160369873047,23.85167694091797
2019-03-06,16.355440139770508,23.722187042236328
2019-03-07,16.30960464477539,23.59270477294922
2019-03-08,16.2408504486084,23.58407211303711
2019-03-11,16.3859920501709,23.79124641418457
2019-03-12,16.2790470123291,23.912107467651367
2019-03-13,16.363075256347656,24.041593551635742
2019-03-14,16.317243576049805,23.938005447387695
2019-03-15,16.3859920501709,23.963899612426758
2019-03-18,16.43946647644043,24.13654899597168
2019-03-19,16.378358840942383,24.119287490844727
2019-03-20,16.3859920501709,24.0933895111084
2019-03-21,16.48530387878418,24.050228118896484
2019-03-22,16.217937469482422,23.679027557373047
2019-03-25,16.29432487487793,23.670394897460938
2019-03-26,16.370718002319336,23.843048095703125
2019-03-27,16.20265769958496,23.748083114624023
2019-03-28,16.32488250732422,23.808517456054688
2019-03-29,16.43946647644043,23.860305786132812
2019-04-01,16.62281036376953,24.17108154296875
2019-04-02,16.538776397705078,24.17108154296875
2019-04-03,16.676286697387695,24.196977615356445
2019-04-04,16.523500442504883,24.214244842529297
2019-04-05,16.447113037109375,24.30057144165039
2019-04-08,16.554058074951172,24.481853485107422
2019-04-09,16.470027923583984,24.335098266601562
2019-04-10,16.58461570739746,24.438690185546875
2019-04-11,16.538776397705078,24.39552879333496
2019-04-12,16.699201583862305,24.59407615661621
2019-04-15,16.661001205444336,24.59407615661621
2019-04-16,16.74503517150879,24.619976043701172
2019-04-17,16.72975730895996,24.72356414794922
2019-04-18,16.74503517150879,24.740829467773438
2019-04-22,16.722122192382812,24.740829467773438
2019-04-23,16.790870666503906,24.740829467773438
2019-04-24,16.706838607788086,24.499114990234375
2019-04-25,16.7144775390625,24.473222732543945
2019-04-26,16.752676010131836,24.568178176879883
2019-04-29,16.72975730895996,24.619976043701172
2019-04-30,16.63045310974121,24.64586639404297
2019-05-01,16.5693359375,24.473222732543945
2019-05-02,16.546415328979492,24.31783676147461
2019-05-03,16.676286697387695,24.499114990234375
2019-05-06,16.51586151123047,24.46458625793457
2019-05-07,16.34779930114746,24.196977615356445
2019-05-08,16.34779930114746,24.231510162353516
2019-05-09,16.3859920501709,24.17108154296875
2019-05-10,16.58461570739746,24.153812408447266
2019-05-13,16.248493194580078,23.85167694091797
2019-05-14,16.23320960998535,24.050228118896484
2019-05-15,16.355440139770508,24.127920150756836
2019-05-16,16.492948532104492,24.30057144165039
2019-05-17,16.363075256347656,24.24013900756836
2019-05-20,16.7144775390625,24.162446975708008
2019-05-21,16.859622955322266,24.386892318725586
2019-05-22,16.85198402404785,24.1883487701416
2019-05-23,16.74503517150879,23.843048095703125
2019-05-24,16.829069137573242,24.02432632446289
2019-05-28,16.722122192382812,23.981163024902344
2019-05-29,16.63045310974121,23.7567195892334
2019-05-30,16.661001205444336,23.68766212463379
2019-05-31,16.653366088867188,23.59270477294922
2019-06-03,16.58461570739746,23.65312957763672
2019-06-04,16.836708068847656,23.998430252075195
2019-06-05,16.767953872680664,24.02432632446289
2019-06-06,16.874902725219727,24.17108154296875
2019-06-07,17.07352066040039,24.30057144165039
2019-06-10,17.07352066040039,24.343732833862305
2019-06-11,17.249221801757812,24.343732833862305
2019-06-12,17.07352066040039,24.17108154296875
2019-06-13,17.081157684326172,24.257408142089844
2019-06-14,16.966569900512695,24.1883487701416
2019-06-17,16.898757934570312,24.260650634765625
2019-06-18,17.155977249145508,24.600385665893555
2019-06-19,17.265106201171875,24.783321380615234
2019-06-20,17.45997428894043,25.06207847595215
2019-06-21,17.358644485473633,24.9052791595459
2019-06-24,17.483352661132812,24.95754051208496
2019-06-25,17.421001434326172,24.774612426757812
2019-06-26,17.491151809692383,24.800745010375977
2019-06-27,17.608070373535156,24.809452056884766
2019-06-28,17.5690975189209,24.931411743164062
2019-07-01,17.53791618347168,24.99239158630371
2019-07-02,17.53012466430664,25.044654846191406
2019-07-03,17.748376846313477,25.262435913085938
2019-07-05,17.756168365478516,25.227588653564453
2019-07-08,17.53012466430664,25.08820915222168
2019-07-09,17.4677677154541,25.166616439819336
2019-07-10,17.53791618347168,25.236303329467773
2019-07-11,17.59247589111328,25.253725051879883
2019-07-12,17.623661041259766,25.253725051879883
2019-07-15,17.64704132080078,25.245010375976562
2019-07-16,17.53012466430664,25.18403434753418
2019-07-17,17.608070373535156,25.149192810058594
2019-07-18,17.70160675048828,25.236303329467773
2019-07-19,17.732786178588867,25.11434555053711
2019-07-22,17.70160675048828,25.11434555053711
2019-07-23,17.771757125854492,25.11434555053711
2019-07-24,17.77954864501953,25.1927490234375
2019-07-25,17.717195510864258,24.94883155822754
2019-07-26,17.678220748901367,25.001100540161133
2019-07-29,17.763961791992188,24.95754051208496
2019-07-30,17.608070373535156,24.896564483642578
2019-07-31,17.4677677154541,24.731054306030273
2019-08-01,17.37423324584961,24.600385665893555
2019-08-02,17.304080963134766,24.44358253479004
2019-08-05,16.672710418701172,23.990602493286133
2019-08-06,16.55579376220703,24.077714920043945
2019-08-07,16.563589096069336,24.24322509765625
2019-08-08,16.844192504882812,24.57425308227539
2019-08-09,16.75065803527832,24.53940773010254
2019-08-12,16.618146896362305,24.312917709350586
2019-08-13,16.836400985717773,24.53940773010254
2019-08-14,16.438879013061523,23.886066436767578
2019-08-15,16.376514434814453,23.83380126953125
2019-08-16,16.54800033569336,24.147403717041016
2019-08-19,16.6103572845459,24.29549217224121
2019-08-20,16.664920806884766,24.129981994628906
2019-08-21,16.688302993774414,24.356470108032227
2019-08-22,16.63374137878418,24.260650634765625
2019-08-23,16.43107795715332,23.886066436767578
2019-08-26,16.540206909179688,24.112564086914062
2019-08-27,16.524614334106445,24.129981994628906
2019-08-28,16.57138442993164,24.269359588623047
2019-08-29,16.711687088012695,24.51327133178711
2019-08-30,16.898757934570312,24.556827545166016
2019-09-03,16.81301498413086,24.382604598999023
2019-09-04,17.00008773803711,24.661365509033203
2019-09-05,17.202747344970703,24.913990020751953
2019-09-06,17.32746124267578,24.940122604370117
2019-09-09,17.38202476501465,24.94883155822754
2019-09-10,17.38202476501465,25.053369522094727
2019-09-11,17.45997428894043,25.105634689331055
2019-09-12,17.53012466430664,25.11434555053711
2019-09-13,17.584686279296875,25.123056411743164
2019-09-16,17.53012466430664,25.245010375976562
2019-09-17,17.63924789428711,25.375680923461914
2019-09-18,17.506742477416992,25.288570404052734
2019-09-19,17.553508758544922,25.40181541442871
2019-09-20,17.444379806518555,25.40181541442871
2019-09-23,17.45997428894043,25.39310646057129
2019-09-24,17.397615432739258,25.297283172607422
2019-09-25,17.397615432739258,25.271146774291992
2019-09-26,17.366436004638672,25.227588653564453
2019-09-27,17.37423324584961,25.15789794921875
2019-09-30,17.34305191040039,25.175321578979492
2019-10-01,17.124799728393555,24.853010177612305
2019-10-02,16.719484329223633,24.46100425720215
2019-10-03,16.828609466552734,24.46100425720215
2019-10-04,17.00788116455078,24.643943786621094
2019-10-07,16.937728881835938,24.58296012878418
2019-10-08,16.81301498413086,24.356470108032227
2019-10-09,16.914348602294922,24.51327133178711
2019-10-10,17.054651260375977,24.661365509033203
2019-10-11,17.257308959960938,24.87042808532715
2019-10-14,17.117008209228516,24.79203224182129
2019-10-15,17.33525848388672,24.879146575927734
2019-10-16,17.397615432739258,24.88785743713379
2019-10-17,17.421001434326172,24.99239158630371
2019-10-18,17.397615432739258,24.9052791595459
2019-10-21,17.545711517333984,25.08820915222168
2019-10-22,17.545711517333984,25.06207847595215
2019-10-23,17.631454467773438,25.044654846191406
2019-10-24,17.63924789428711,25.096921920776367
2019-10-25,17.693815231323242,25.18403434753418
2019-10-28,17.771757125854492,25.175321578979492
2019-10-29,17.724990844726562,25.13176727294922
2019-10-30,17.709400177001953,25.11434555053711
2019-10-31,17.561304092407227,25.070789337158203
2019-11-01,17.740577697753906,25.288570404052734
2019-11-04,17.68601417541504,25.47150421142578
2019-11-05,17.717195510864258,25.46279525756836
2019-11-06,17.615867614746094,25.523773193359375
2019-11-07,17.802936553955078,25.645727157592773
2019-11-08,17.748376846313477,25.663150787353516
2019-11-11,17.849702835083008,25.645727157592773
2019-11-12,17.818523406982422,25.663150787353516
2019-11-13,17.631454467773438,25.74155044555664
2019-11-14,17.623661041259766,25.74155044555664
2019-11-15,17.77954864501953,25.898351669311523
2019-11-18,17.724990844726562,25.924488067626953
2019-11-19,17.81073570251465,25.776391983032227
2019-11-20,17.491151809692383,25.671859741210938
2019-11-21,17.4677677154541,25.724130630493164
2019-11-22,17.545711517333984,25.628305435180664
2019-11-25,17.631454467773438,25.750263214111328
2019-11-26,17.68601417541504,25.802528381347656
2019-11-27,17.904268264770508,25.83737564086914
2019-11-29,17.795141220092773,25.81123924255371
2019-12-02,17.717195510864258,25.645727157592773
2019-12-03,17.405410766601562,25.45408058166504
2019-12-04,17.53791618347168,25.63701820373535
2019-12-05,17.506742477416992,25.610883712768555
2019-12-06,17.662633895874023,25.680572509765625
2019-12-09,17.576887130737305,25.680572509765625
2019-12-10,17.522329330444336,25.680572509765625
2019-12-11,17.732786178588867,25.776391983032227
2019-12-12,17.8419132232666,25.819948196411133
2019-12-13,17.826322555541992,25.85479736328125
2019-12-16,18.14922332763672,26.052553176879883
2019-12-17,17.982200622558594,26.08786392211914
2019-12-18,17.99015235900879,26.079038619995117
2019-12-19,17.97425079345703,26.10552215576172
2019-12-20,17.982200622558594,26.158491134643555
2019-12-23,17.998104095458984,26.158491134643555
2019-12-24,18.01401710510254,26.184978485107422
2019-12-26,18.1253604888916,26.326231002807617
2019-12-27,18.093547821044922,26.317405700683594
2019-12-30,18.069683074951172,26.2291202545166
2019-12-31,18.006061553955078,26.388031005859375
2020-01-02,18.085594177246094,26.467485427856445
2020-01-03,17.894716262817383,26.33506202697754
2020-01-06,17.99015235900879,26.467485427856445
2020-01-07,17.96629524230957,26.493974685668945
2020-01-08,18.069683074951172,26.467485427856445
2020-01-09,18.077640533447266,26.511629104614258
2020-01-10,18.173080444335938,26.493974685668945
2020-01-13,18.316238403320312,26.635221481323242
2020-01-14,18.427583694458008,26.652881622314453
2020-01-15,18.515066146850586,26.794132232666016
2020-01-16,18.721853256225586,26.935388565063477
2020-01-17,18.705944061279297,26.997188568115234
2020-01-21,18.554834365844727,27.006017684936523
2020-01-22,18.658222198486328,26.864765167236328
2020-01-23,18.642316818237305,26.970705032348633
2020-01-24,18.491207122802734,26.847103118896484
2020-01-27,18.093547821044922,26.511629104614258
2020-01-28,18.244657516479492,26.714679718017578
2020-01-29,18.16512107849121,26.57342529296875
2020-01-30,18.157169342041016,26.617565155029297
2020-01-31,17.70383644104004,26.193805694580078
2020-02-03,17.743606567382812,26.1496639251709
2020-02-04,18.053783416748047,26.493974685668945
2020-02-05,18.16512107849121,26.688194274902344
2020-02-06,18.19693946838379,26.811796188354492
2020-02-07,17.96629524230957,26.59990882873535
2020-02-10,18.029918670654297,26.688194274902344
2020-02-11,18.157169342041016,26.864765167236328
2020-02-12,18.387813568115234,27.023677825927734
2020-02-13,18.284423828125,26.92656135559082
2020-02-14,18.332138061523438,27.023677825927734
2020-02-18,18.276470184326172,26.944217681884766
2020-02-19,18.371910095214844,27.17375373840332
2020-02-20,18.22875213623047,27.138442993164062
2020-02-21,18.085594177246094,27.041332244873047
2020-02-24,17.31413459777832,26.41451644897461
2020-02-25,17.067581176757812,25.85832977294922
2020-02-26,16.852846145629883,25.60230255126953
2020-02-27,16.455184936523438,24.684152603149414
2020-02-28,16.001853942871094,24.35750389099121
2020-03-02,16.240449905395508,24.869548797607422
2020-03-03,16.081382751464844,24.569379806518555
2020-03-04,16.51881217956543,25.019634246826172
2020-03-05,16.03366470336914,24.631183624267578
2020-03-06,15.731446266174316,24.101478576660156
2020-03-09,13.870394706726074,21.108657836914062
2020-03-10,15.063374519348145,21.629533767700195
2020-03-11,13.886296272277832,20.676063537597656
2020-03-12,12.025249481201172,17.92160987854004
2020-03-13,13.727237701416016,19.86385726928711
2020-03-16,11.516242980957031,17.603790283203125
2020-03-17,12.375190734863281,17.268310546875
2020-03-18,10.9118013381958,16.438446044921875
2020-03-19,11.094724655151367,16.782752990722656
2020-03-20,10.641390800476074,16.562042236328125
2020-03-23,10.196012496948242,15.58209228515625
2020-03-24,11.44466495513916,17.58613395690918
2020-03-25,11.921856880187988,18.6102294921875
2020-03-26,12.470630645751953,19.228214263916016
2020-03-27,11.532150268554688,18.239437103271484
2020-03-30,12.526301383972168,18.724992752075195
2020-03-31,12.359285354614258,19.29001235961914
2020-04-01,11.937765121459961,18.354204177856445
2020-04-02,12.33542537689209,18.689680099487305
2020-04-03,11.794609069824219,18.548431396484375
2020-04-06,12.78875732421875,19.51072120666504
2020-04-07,12.430862426757812,19.651975631713867
2020-04-08,12.534255981445312,20.07573699951172
2020-04-09,13.226183891296387,20.42887306213379
2020-04-13,13.178464889526367,20.481842041015625
2020-04-14,13.631797790527344,20.676063537597656
2020-04-15,12.963728904724121,19.95214080810547
2020-04-16,13.051213264465332,19.81088638305664
2020-04-17,13.385248184204102,20.6407527923584
2020-04-20,12.908056259155273,20.51715850830078
2020-04-21,12.327470779418945,19.85502815246582
2020-04-22,12.876243591308594,20.32292938232422
2020-04-23,12.796711921691895,20.402389526367188
2020-04-24,13.051213264465332,20.667240142822266
2020-04-27,13.210278511047363,21.011547088623047
2020-04-28,13.210278511047363,21.29405403137207
2020-04-29,13.631797790527344,22.168062210083008
2020-04-30,13.552267074584961,21.43531036376953
2020-05-01,12.876243591308594,20.958576202392578
2020-05-04,13.170510292053223,21.152801513671875
2020-05-05,13.297760963439941,21.302879333496094
2020-05-06,13.051213264465332,21.135141372680664
2020-05-07,13.265952110290527,21.31171226501465
2020-05-08,13.456827163696289,21.68250274658203
2020-05-11,13.496593475341797,21.753128051757812
2020-05-12,13.162558555603027,21.320541381835938
2020-05-13,13.114839553833008,20.773181915283203
2020-05-14,13.138699531555176,20.879117965698242
2020-05-15,13.250041961669922,20.94974708557129
2020-05-18,13.838580131530762,21.72664451599121
2020-05-19,13.623842239379883,21.541250228881836
2020-05-20,14.029457092285156,21.7884464263916
2020-05-21,13.81472110748291,21.532421112060547
2020-05-22,13.790862083435059,21.532421112060547
2020-05-26,14.443025588989258,22.229862213134766
2020-05-27,14.61799430847168,22.45056915283203
2020-05-28,14.705482482910156,22.406431198120117
2020-05-29,14.363492965698242,22.194549560546875
2020-06-01,15.071327209472656,22.64479637145996
2020-06-02,15.309924125671387,23.050901412963867
2020-06-03,15.755306243896484,23.333412170410156
2020-06-04,15.731446266174316,23.218643188476562
2020-06-05,16.160919189453125,23.783658981323242
2020-06-08,16.431325912475586,24.083824157714844
2020-06-09,16.14500617980957,23.845457077026367
2020-06-10,16.15296173095703,23.642406463623047
2020-06-11,14.991795539855957,22.282833099365234
2020-06-12,15.270158767700195,22.671279907226562
2020-06-15,15.483275413513184,22.874610900878906
2020-06-16,15.644725799560547,23.15106964111328
2020-06-17,15.620511054992676,22.98162841796875
2020-06-18,15.53978443145752,23.026216506958008
2020-06-19,15.354114532470703,22.9102840423584
2020-06-22,15.701236724853516,23.15106964111328
2020-06-23,15.725454330444336,23.20457649230957
2020-06-24,15.281462669372559,22.651660919189453
2020-06-25,15.42676830291748,22.883527755737305
2020-06-26,15.168442726135254,22.4197940826416
2020-06-29,15.45905876159668,22.7408390045166
2020-06-30,15.555931091308594,23.079721450805664
2020-07-01,15.709308624267578,23.11539649963379
2020-07-02,16.00799560546875,23.2313289642334
2020-07-06,16.024139404296875,23.3740177154541
2020-07-07,15.781962394714355,23.15106964111328
2020-07-08,15.822327613830566,23.33834457397461
2020-07-09,15.668947219848633,23.097558975219727
2020-07-10,15.846540451049805,23.347265243530273
2020-07-13,15.620511054992676,23.20457649230957
2020-07-14,15.854616165161133,23.650476455688477
2020-07-15,16.20173454284668,23.989356994628906
2020-07-16,15.991846084594727,23.855587005615234
2020-07-17,16.080650329589844,23.971521377563477
2020-07-20,16.145235061645508,24.123125076293945
2020-07-21,16.532716751098633,24.239063262939453
2020-07-22,16.492353439331055,24.354995727539062
2020-07-23,16.274391174316406,24.10529327392578
2020-07-24,16.169448852539062,24.04286766052246
2020-07-27,16.43584442138672,24.399585723876953
2020-07-28,16.266315460205078,24.301488876342773
2020-07-29,16.532716751098633,24.63145637512207
2020-07-30,16.387405395507812,24.470928192138672
2020-07-31,16.07257843017578,24.354995727539062
2020-08-03,16.298608779907227,24.417417526245117
2020-08-04,16.403553009033203,24.765220642089844
2020-08-05,16.468135833740234,25.05059814453125
2020-08-06,16.581153869628906,25.148696899414062
2020-08-07,16.460060119628906,24.925745010375977
2020-08-10,16.637659072875977,25.095184326171875
2020-08-11,16.6538028717041,25.08626937866211
2020-08-12,16.863689422607422,25.318140029907227
2020-08-13,16.59729766845703,25.255708694458008
2020-08-14,16.60536766052246,25.20220375061035
2020-08-17,16.766822814941406,25.532167434692383
2020-08-18,16.839473724365234,25.505414962768555
2020-08-19,16.855621337890625,25.371644973754883
2020-08-20,16.799110412597656,25.442989349365234
2020-08-21,16.62959098815918,25.344890594482422
2020-08-24,16.78296661376953,25.416236877441406
2020-08-25,16.73453140258789,25.514331817626953
2020-08-26,16.82332992553711,25.862133026123047
2020-08-27,16.807186126708984,25.817546844482422
2020-08-28,16.87176513671875,25.799707412719727
2020-08-31,16.78296661376953,25.6035099029541
2020-09-01,16.766822814941406,25.772953033447266
2020-09-02,17.04936408996582,25.862133026123047
2020-09-03,16.589223861694336,25.353811264038086
2020-09-04,16.379337310791016,25.157615661621094
2020-09-08,16.217884063720703,24.604700088500977
2020-09-09,16.540786743164062,25.19328498840332
2020-09-10,16.104867935180664,24.791976928710938
2020-09-11,16.266315460205078,24.863317489624023
2020-09-14,16.411623001098633,25.095184326171875
2020-09-15,16.532716751098633,25.130861282348633
2020-09-16,16.54886245727539,24.91683006286621
2020-09-17,16.44391632080078,24.91683006286621
2020-09-18,16.25016975402832,24.711713790893555
2020-09-21,15.862688064575195,24.26581382751465
2020-09-22,16.032215118408203,24.542274475097656
2020-09-23,15.806180953979492,23.980440139770508
2020-09-24,15.798107147216797,24.140962600708008
2020-09-25,16.048358917236328,24.26581382751465
2020-09-28,16.19366455078125,24.586862564086914
2020-09-29,16.024139404296875,24.462011337280273
2020-09-30,15.919196128845215,24.44417381286621
2020-10-01,16.048358917236328,24.586862564086914
2020-10-02,16.024139404296875,24.56010627746582
2020-10-05,16.3470401763916,25.03276252746582
2020-10-06,16.145235061645508,24.6492862701416
2020-10-07,16.460060119628906,25.01492691040039
2020-10-08,16.702239990234375,25.38056182861328
2020-10-09,16.807186126708984,25.505414962768555
2020-10-12,16.920198440551758,25.576757431030273
2020-10-13,16.791038513183594,25.353811264038086
2020-10-14,16.77489471435547,25.2824649810791
2020-10-15,16.750675201416016,25.211122512817383
2020-10-16,16.750675201416016,25.148696899414062
2020-10-19,16.613439559936523,24.91683006286621
2020-10-20,16.59729766845703,25.00600814819336
2020-10-21,16.589223861694336,24.898990631103516
2020-10-22,16.73453140258789,24.988174438476562
2020-10-23,16.855621337890625,25.06843376159668
2020-10-26,16.60536766052246,24.604700088500977
2020-10-27,16.411623001098633,24.53335189819336
2020-10-28,15.967631340026855,23.63263702392578
2020-10-29,16.040281295776367,23.739654541015625
2020-10-30,15.959559440612793,23.60588264465332
2020-11-02,16.048358917236328,23.909099578857422
2020-11-03,16.56500816345215,24.44417381286621
2020-11-04,16.573076248168945,24.569028854370117
2020-11-05,17.11394500732422,25.166528701782227
2020-11-06,17.14623260498047,25.157615661621094
2020-11-09,17.82433319091797,25.55000114440918
2020-11-10,17.78396987915039,25.79079246520996
2020-11-11,18.026147842407227,25.969146728515625
2020-11-12,17.68709945678711,25.55000114440918
2020-11-13,17.91313362121582,25.67485809326172
2020-11-16,18.179529190063477,26.13858985900879
2020-11-17,18.211820602416992,26.26344108581543
2020-11-18,18.236034393310547,26.192100524902344
2020-11-19,18.37327003479004,26.299114227294922
2020-11-20,18.405561447143555,26.415048599243164
2020-11-23,18.413633346557617,26.584491729736328
2020-11-24,18.897993087768555,27.0482234954834
2020-11-25,18.914134979248047,27.11065101623535
2020-11-27,18.809194564819336,27.199831008911133
2020-11-30,18.34097671508789,27.003637313842773
2020-12-01,18.704252243041992,27.15523910522461
2020-12-02,18.77690315246582,27.342517852783203
2020-12-03,18.86570167541504,27.529796600341797
2020-12-04,19.02715492248535,27.94894027709961
2020-12-07,18.978717803955078,27.966773986816406
2020-12-08,19.107877731323242,28.02920150756836
2020-12-09,19.140167236328125,27.957860946655273
2020-12-10,19.261262893676758,28.171890258789062
2020-12-11,19.17245864868164,28.02920150756836
2020-12-14,19.22945213317871,27.79897689819336
2020-12-15,19.457401275634766,28.114973068237305
2020-12-16,19.514389038085938,28.096920013427734
2020-12-17,19.77490997314453,28.286518096923828
2020-12-18,19.530670166015625,27.97052001953125
2020-12-21,19.37598991394043,27.762861251831055
2020-12-22,19.253873825073242,27.726747512817383
2020-12-23,19.481826782226562,27.91634750366211
2020-12-24,19.48996925354004,28.04274559020996
2020-12-28,19.579519271850586,27.853145599365234
2020-12-29,19.506248474121094,27.925373077392578
2020-12-30,19.612083435058594,28.033716201782227
2020-12-31,19.498106002807617,27.8441162109375
2021-01-04,19.56324005126953,27.934404373168945
2021-01-05,19.840036392211914,28.458059310913086
2021-01-06,20.108694076538086,28.71988868713379
2021-01-07,20.116838455200195,29.0268611907959
2021-01-08,20.21453094482422,28.990747451782227
2021-01-11,19.8807430267334,28.69280433654785
2021-01-12,20.00286102294922,28.89143180847168
2021-01-13,19.929594039916992,28.846288681030273
2021-01-14,20.16568374633789,29.04491424560547
2021-01-15,19.905168533325195,28.737945556640625
2021-01-19,20.00286102294922,28.801145553588867
2021-01-20,20.35293197631836,29.062978744506836
2021-01-21,20.401777267456055,28.94560432434082
2021-01-22,20.24709701538086,28.566402435302734
2021-01-25,20.336647033691406,28.64765739440918
2021-01-26,20.35293197631836,28.54834747314453
2021-01-27,19.791189193725586,27.78994369506836
2021-01-28,19.929594039916992,28.114973068237305
2021-01-29,19.335281372070312,27.627429962158203
2021-02-01,19.66907501220703,27.934404373168945
2021-02-02,19.913307189941406,28.430973052978516
2021-02-03,19.994720458984375,28.530288696289062
2021-02-04,19.986574172973633,28.63863182067871
2021-02-05,20.1982479095459,28.927549362182617
2021-02-08,20.34478759765625,29.306745529174805
2021-02-09,20.328508377075195,29.505374908447266
2021-02-10,20.28780174255371,29.577606201171875
2021-02-11,20.43433952331543,29.60468864440918
2021-02-12,20.458765029907227,29.68594741821289
2021-02-16,20.621591567993164,29.821374893188477
2021-02-17,20.507612228393555,29.60468864440918
2021-02-18,20.572744369506836,29.523433685302734
2021-02-19,20.589027404785156,29.83040428161621
2021-02-22,20.662294387817383,29.902626037597656
2021-02-23,20.857681274414062,29.848459243774414
2021-02-24,21.004226684570312,30.30891227722168
2021-02-25,20.540178298950195,29.667892456054688
2021-02-26,19.954010009765625,29.04491424560547
2021-03-01,20.65415382385254,29.694974899291992
2021-03-02,20.621591567993164,30.01097869873047
2021-03-03,20.491331100463867,29.77623176574707
2021-03-04,20.35293197631836,29.46023178100586
2021-03-05,20.475048065185547,29.88456916809082
2021-03-08,20.295942306518555,29.983890533447266
2021-03-09,20.515756607055664,30.24571418762207
2021-03-10,20.35293197631836,30.462406158447266
2021-03-11,20.507612228393555,30.958974838256836
2021-03-12,20.466909408569336,31.13051986694336
2021-03-15,20.532033920288086,31.329147338867188
2021-03-16,20.49947166442871,31.28400230407715
2021-03-17,20.540178298950195,31.545827865600586
2021-03-18,20.181964874267578,31.04926300048828
2021-03-19,20.09241485595703,31.058292388916016
2021-03-22,20.238954544067383,30.91383171081543
2021-03-23,19.986574172973633,30.57074546813965
2021-03-24,19.978437423706055,30.57074546813965
2021-03-25,20.051706314086914,30.507545471191406
2021-03-26,20.393634796142578,30.805484771728516
2021-03-29,20.3040828704834,30.751317977905273
2021-03-30,20.13311767578125,30.624919891357422
2021-03-31,20.181964874267578,30.742294311523438
2021-04-01,20.458765029907227,31.27497673034668
2021-04-05,20.751848220825195,31.392345428466797
2021-04-06,20.54831886291504,31.329147338867188
2021-04-07,20.60530662536621,31.329147338867188
2021-04-08,20.74370765686035,31.56389045715332
2021-04-09,20.776273727416992,31.66320037841797
2021-04-12,20.711143493652344,31.554866790771484
2021-04-13,20.800695419311523,31.6722412109375
2021-04-14,20.963516235351562,31.6722412109375
2021-04-15,21.354297637939453,31.870861053466797
2021-04-16,21.378719329833984,31.94308853149414
2021-04-19,21.27288055419922,31.70833969116211
2021-04-20,20.865821838378906,31.13051986694336
2021-04-21,21.24031639099121,31.64514923095703
2021-04-22,21.101919174194336,31.437490463256836
2021-04-23,21.362438201904297,31.62708854675293
2021-04-26,21.476411819458008,31.952116012573242
2021-04-27,21.354297637939453,31.98823356628418
2021-04-28,21.541542053222656,32.529945373535156
2021-04-29,21.435705184936523,32.50286102294922
2021-04-30,21.069353103637695,32.1507453918457
2021-05-03,21.346153259277344,32.33131790161133
2021-05-04,21.215896606445312,32.27715301513672
2021-05-05,21.50897789001465,32.57508850097656
2021-05-06,21.541542053222656,32.854976654052734
2021-05-07,21.785778045654297,33.23417663574219
2021-05-10,21.842763900756836,33.23417663574219
2021-05-11,21.655519485473633,33.03554916381836
2021-05-12,21.281023025512695,32.70149230957031
2021-05-13,21.370574951171875,32.76469039916992
2021-05-14,21.57411003112793,33.26125717163086
2021-05-17,21.53339958190918,33.57725524902344
2021-05-18,21.468271255493164,33.63142395019531
2021-05-19,21.093774795532227,33.315433502197266
2021-05-20,21.606670379638672,33.71268844604492
2021-05-21,21.411285400390625,33.66754150390625
2021-05-24,21.56596565246582,33.92937088012695
2021-05-25,21.614810943603516,33.70366287231445
2021-05-26,21.647377014160156,33.88423156738281
2021-05-27,21.769493103027344,34.13703536987305
2021-05-28,21.769493103027344,34.191200256347656
2021-06-01,21.867189407348633,34.42594528198242
2021-06-02,22.078857421875,34.507205963134766
2021-06-03,21.93231964111328,34.2724609375
2021-06-04,22.29052734375,34.4981803894043
2021-06-07,22.24982452392578,34.507205963134766
2021-06-08,22.28238868713379,34.46206283569336
2021-06-09,22.070716857910156,34.30857849121094
2021-06-10,22.29857635498047,34.40214538574219
2021-06-11,22.282058715820312,34.35672378540039
2021-06-14,22.33159637451172,34.51115417480469
2021-06-15,22.29857635498047,34.53840637207031
2021-06-16,22.199504852294922,34.302215576171875
2021-06-17,22.01788330078125,33.92976379394531
2021-06-18,21.473007202148438,33.49371337890625
2021-06-21,21.761953353881836,33.95701599121094
2021-06-22,21.761953353881836,34.14778137207031
2021-06-23,21.57207489013672,34.084190368652344
2021-06-24,21.745445251464844,34.13870620727539
2021-06-25,21.761953353881836,34.247711181640625
2021-06-28,21.605098724365234,33.993350982666016
2021-06-29,21.621604919433594,33.90250778198242
2021-06-30,21.448240280151367,33.857086181640625
2021-07-01,21.373939514160156,34.18411636352539
2021-07-02,21.588584899902344,34.18411636352539
2021-07-06,21.299640655517578,33.92067337036133
2021-07-07,21.53079605102539,33.802581787109375
2021-07-08,21.20056915283203,33.321109771728516
2021-07-09,21.563819885253906,33.847999572753906
2021-07-12,21.53079605102539,33.83891677856445
2021-07-13,21.406959533691406,33.72990798950195
2021-07-14,21.489519119262695,33.53913116455078
2021-07-15,21.28312873840332,33.39378356933594
2021-07-16,21.134523391723633,33.00316619873047
2021-07-19,20.688720703125,32.24917221069336
2021-07-20,20.944643020629883,32.76697540283203
2021-07-21,21.258358001708984,33.384708404541016
2021-07-22,21.22533416748047,33.34836959838867
2021-07-23,21.373939514160156,33.548221588134766
2021-07-26,21.398706436157227,33.53913116455078
2021-07-27,21.35742950439453,33.43013000488281
2021-07-28,21.299640655517578,33.66632080078125
2021-07-29,21.481260299682617,34.01151657104492
2021-07-30,21.274869918823242,33.911590576171875
2021-08-02,21.43172836303711,33.83891677856445
2021-08-03,21.605098724365234,33.857086181640625
2021-08-04,21.588584899902344,33.78441619873047
2021-08-05,21.745445251464844,34.00243377685547
2021-08-06,21.745445251464844,34.05693817138672
2021-08-09,21.662887573242188,33.94792938232422
2021-08-10,21.778467178344727,34.1750373840332
2021-08-11,21.885793685913086,34.34763717651367
2021-08-12,21.819744110107422,34.274959564208984
2021-08-13,21.968345642089844,34.25679397583008
2021-08-16,21.7371883392334,34.05693817138672
2021-08-17,21.208824157714844,33.70265579223633
2021-08-18,21.043712615966797,33.51188659667969
2021-08-19,20.87034034729004,32.8941535949707
2021-08-20,20.91162109375,33.13942337036133
2021-08-23,21.118013381958008,33.81166458129883
2021-08-24,21.299640655517578,34.05693817138672
2021-08-25,21.35742950439453,34.10236740112305
2021-08-26,21.15928840637207,33.67539978027344
2021-08-27,21.473007202148438,34.12053680419922
2021-08-30,21.464754104614258,34.06602478027344
2021-08-31,21.398706436157227,33.92067337036133
2021-09-01,21.613353729248047,34.13870620727539
2021-09-02,21.79497528076172,34.53840637207031
2021-09-03,21.91055679321289,34.611080169677734
2021-09-07,21.79497528076172,34.211368560791016
2021-09-08,21.671144485473633,33.993350982666016
2021-09-09,21.45649528503418,34.06602478027344
2021-09-10,21.299640655517578,33.829837799072266
2021-09-13,21.473007202148438,33.9388542175293
2021-09-14,21.258358001708984,33.67539978027344
2021-09-15,21.464754104614258,34.12962341308594
2021-09-16,21.398706436157227,33.829837799072266
2021-09-17,21.0024356842041,33.39378356933594
2021-09-20,20.457561492919922,32.71247100830078
2021-09-21,20.696971893310547,32.84873580932617
2021-09-22,20.82906723022461,33.25752639770508
2021-09-23,21.14278221130371,33.67539978027344
2021-09-24,20.91162109375,33.520973205566406
2021-09-27,21.035459518432617,33.793495178222656
2021-09-28,20.416276931762695,33.15760040283203
2021-09-29,20.358489990234375,32.985008239746094
2021-09-30,20.49057960510254,32.975914001464844
2021-10-01,20.589651107788086,33.275691986083984
2021-10-04,20.68045997619629,33.293861389160156
2021-10-05,20.903364181518555,33.520973205566406
2021-10-06,20.746505737304688,33.49371337890625
2021-10-07,21.010690689086914,34.02060317993164
2021-10-08,21.02720069885254,34.25679397583008
2021-10-11,21.043712615966797,34.16595458984375
2021-10-12,21.167545318603516,34.29313278198242
2021-10-13,21.258358001708984,34.66558837890625
2021-10-14,21.49777603149414,35.165218353271484
2021-10-15,21.596843719482422,35.419586181640625
2021-10-18,21.489519119262695,35.474090576171875
2021-10-19,21.78672218322754,35.72843933105469
2021-10-20,21.9848575592041,36.01914596557617
2021-10-21,21.778467178344727,35.88288497924805
2021-10-22,21.91055679321289,35.93738555908203
2021-10-25,22.042648315429688,35.99189376831055
2021-10-26,22.001367568969727,35.719364166259766
2021-10-27,21.92706871032715,35.42866134643555
2021-10-28,22.166484832763672,35.973724365234375
2021-10-29,21.844512939453125,35.59218978881836
2021-11-01,21.852766036987305,36.01005935668945
2021-11-02,21.605098724365234,35.72843933105469
2021-11-03,21.77021026611328,35.98280334472656
2021-11-04,21.662887573242188,35.83745574951172
2021-11-05,21.819744110107422,36.02822494506836
2021-11-08,21.861024856567383,36.20991134643555
2021-11-09,21.695907592773438,36.20991134643555
2021-11-10,21.43172836303711,35.86470413208008
2021-11-11,21.332658767700195,35.84653854370117
2021-11-12,21.522539138793945,36.33709716796875
2021-11-15,21.539051055908203,36.24625015258789
2021-11-16,21.415218353271484,36.17357635498047
2021-11-17,21.068479537963867,35.91012954711914
2021-11-18,21.084991455078125,36.000972747802734
2021-11-19,20.91162109375,35.65577697753906
2021-11-22,20.886856079101562,35.29240417480469
2021-11-23,21.15928840637207,35.528594970703125
2021-11-24,21.07673454284668,35.71028518676758
2021-11-26,20.27593421936035,34.692840576171875
2021-11-29,20.432790756225586,34.7655143737793
2021-11-30,20.193376541137695,33.95701599121094
2021-12-01,20.02000617980957,33.48463439941406
2021-12-02,20.358489990234375,34.084190368652344
2021-12-03,20.069541931152344,33.75716018676758
2021-12-06,20.358489990234375,34.39305877685547
2021-12-07,20.746505737304688,35.20155715942383
2021-12-08,20.928131103515625,34.96536636352539
2021-12-09,20.80430030822754,34.583824157714844
2021-12-10,20.83732032775879,34.547489166259766
2021-12-13,20.60582160949707,33.975257873535156
2021-12-14,20.52102279663086,33.80045700073242
2021-12-15,20.749977111816406,34.10404968261719
2021-12-16,20.63125991821289,34.214454650878906
2021-12-17,20.393829345703125,33.846458435058594
2021-12-20,20.41078758239746,33.368064880371094
2021-12-21,20.75845718383789,34.13165283203125
2021-12-22,21.063730239868164,34.58245086669922
2021-12-23,21.199405670166016,34.91365051269531
2021-12-27,21.34355926513672,35.24484634399414
2021-12-28,21.284202575683594,35.180442810058594
2021-12-29,21.37748146057129,35.079246520996094
2021-12-30,21.38517951965332,35.189640045166016
2021-12-31,21.239761352539062,35.355247497558594
